customer_id,first_name,last_name,gender,customer_email,customer_mobile
CUS1,Holt,Frantzen,M,hfrantzen0@baidu.com,+216 290 477 5034
CUS2,Hamel,Gaytor,M,hgaytor1@guardian.co.uk,+86 198 695 5106
CUS3,June,Allsebrook,,jallsebrook2@comcast.net,+7 448 119 4205
CUS4,Isador,Kacheler,M,ikacheler3@dropbox.com,+62 477 856 0825
CUS5,Steffi,Baggott,F,sbaggott4@usgs.gov,+86 586 179 8776
CUS6,Gan,Dormon,M,gdormon5@weather.com,+86 302 767 0297
CUS7,Kelvin,Grumell,M,kgrumell6@google.ru,+358 417 139 0334
CUS8,Markus,Vautin,M,mvautin7@1und1.de,+380 318 442 8099
CUS9,Inessa,Thunnerclef,F,ithunnerclef8@gov.uk,+62 781 371 0079
CUS10,Hartley,Drayn,M,hdrayn9@mtv.com,+27 704 755 0624
CUS11,Gilda,Mulbery,F,gmulberya@ycombinator.com,+66 393 159 6336
CUS12,Andi,Whitman,F,awhitmanb@mit.edu,+380 689 627 2109
CUS13,Wilden,Pilkinton,,wpilkintonc@narod.ru,+55 753 244 7877
CUS14,Jamill,Bryceson,M,jbrycesond@thetimes.co.uk,+355 882 967 5963
CUS15,Patsy,Yosevitz,F,pyosevitze@pen.io,+48 500 513 7363
CUS16,Sharron,Stenyng,F,sstenyngf@yolasite.com,+375 457 215 9881
CUS17,Pierce,Rosindill,,prosindillg@ameblo.jp,+52 950 639 1597
CUS18,Calv,Rathjen,M,crathjenh@behance.net,+86 650 338 4893
CUS19,Rhys,Danby,M,rdanbyi@auda.org.au,+57 295 620 4511
CUS20,Kinna,Ambrois,F,kambroisj@issuu.com,+387 805 399 4307
CUS21,Vasily,Daltry,M,vdaltryk@dailymail.co.uk,+62 158 795 0839
CUS22,Adria,Kock,F,akockl@buzzfeed.com,+86 332 899 4958
CUS23,Neddy,Gonzales,M,ngonzalesm@google.es,+86 834 269 1560
CUS24,Karena,Leatherborrow,F,kleatherborrown@mail.ru,+54 708 183 0488
CUS25,Peria,Deamer,F,pdeamero@cdbaby.com,+51 556 841 6896
CUS26,Georgi,Lantoph,M,glantophp@salon.com,+7 982 364 1010
CUS27,Phillip,Antonsen,M,pantonsenq@1und1.de,+62 323 294 7103
CUS28,Rocky,Van der Krui,M,rvanderkruir@trellian.com,+46 450 177 3760
CUS29,Jobi,Vivyan,F,jvivyans@phoca.cz,+374 995 871 8541
CUS30,Adams,Samwayes,M,asamwayest@mozilla.com,+62 913 482 1286
CUS31,Jayson,Toupe,,jtoupeu@csmonitor.com,+351 563 805 2869
CUS32,Thalia,Wittman,F,twittmanv@shinystat.com,+212 812 781 0462
CUS33,Alexa,Farnes,F,afarnesw@oaic.gov.au,+237 888 242 8590
CUS34,Carlota,Magner,F,cmagnerx@noaa.gov,+86 971 433 8427
CUS35,Cari,Brugh,F,cbrughy@angelfire.com,+47 780 584 5624
CUS36,Reid,Saddington,M,rsaddingtonz@linkedin.com,+81 157 249 7197
CUS37,Rebecka,Bell,F,rbell10@qq.com,+62 673 465 3303
CUS38,Damaris,Sterman,F,dsterman11@dedecms.com,+62 276 533 1032
CUS39,Gregorio,Flowith,M,gflowith12@reverbnation.com,+57 772 664 3524
CUS40,Clarissa,Simoni,F,csimoni13@patch.com,+86 755 598 9084
CUS41,Bert,Billam,F,bbillam14@a8.net,+86 382 937 5390
CUS42,Franky,Sutch,F,fsutch15@zdnet.com,+94 688 875 9467
CUS43,Albie,Bernadot,M,abernadot16@reverbnation.com,+386 203 898 5977
CUS44,Maximilian,Struan,M,mstruan17@usa.gov,+352 354 534 5948
CUS45,Glynnis,Tuxwell,F,gtuxwell18@webeden.co.uk,+63 237 459 1099
CUS46,Averell,Cuncliffe,M,acuncliffe19@cornell.edu,+62 696 455 3692
CUS47,Julee,Brettell,F,jbrettell1a@house.gov,+852 912 102 9965
CUS48,Beverlee,Bool,F,bbool1b@yelp.com,+86 268 366 6329
CUS49,Chrysa,Skamal,F,cskamal1c@imdb.com,+57 230 908 8696
CUS50,Valentino,Possek,M,vpossek1d@wp.com,+63 624 606 8414
