supplier_id,supplier_name,supplier_email,supplier_mobile
SUP1,Hirthe Group,flindl0@deviantart.com,+216 169 107 5058
SUP2,"Lemke, Blanda and Stanton",fchadwin1@imgur.com,+380 437 372 9505
SUP3,Okuneva-Mann,ekillingback2@linkedin.com,+48 947 246 2900
SUP4,Schoen-Keebler,nberzins3@uol.com.br,+48 621 471 9351
SUP5,"Becker, Macejkovic and Krajcik",slory4@tripod.com,+48 708 119 9198
SUP6,Haag LLC,gmountford5@naver.com,+1 205 384 0423
SUP7,Schamberger LLC,dparman6@apple.com,+7 367 626 5428
SUP8,Lockman-McCullough,halywen7@cisco.com,+374 976 461 4655
SUP9,Graham-Padberg,mmueller8@constantcontact.com,+52 787 545 2275
SUP10,Carroll-Greenfelder,pmuttitt9@vinaora.com,+46 482 623 5893
SUP11,Erdman LLC,bdymocka@cdbaby.com,+98 740 826 0415
SUP12,Connelly LLC,bfurlongb@sina.com.cn,+94 650 400 8313
SUP13,Mante-Rodriguez,rkynseyc@chicagotribune.com,+7 484 341 8192
SUP14,"Grant, Lowe and Jones",strussloved@unc.edu,+84 861 925 7998
SUP15,Carroll-Goyette,fmarksone@about.com,+93 842 611 6886
SUP16,Konopelski-Blick,lpakemanf@yellowbook.com,+63 971 427 5860
SUP17,Wiegand LLC,jdickmang@bloglines.com,+51 324 805 9974
SUP18,Gleason Group,hdecourcyh@e-recht24.de,+62 371 287 3857
SUP19,Raynor LLC,lmonkmani@sourceforge.net,+54 190 934 2778
SUP20,Hermann-Strosin,pthurskej@mit.edu,+371 940 621 2196
SUP21,Koepp LLC,dschoulark@angelfire.com,+81 595 626 0320
SUP22,Gerhold-Gleichner,srosinl@nymag.com,+62 227 614 8786
SUP23,Champlin-Feil,fbaudem@godaddy.com,+63 809 289 6870
SUP24,Wilderman and Sons,ecuolahann@webeden.co.uk,+86 349 389 1605
SUP25,"Witting, Schamberger and Dietrich",bmcgoono@sun.com,+51 900 836 9591
SUP26,"Feeney, Ward and Langworth",jdoggp@si.edu,+1 214 893 4797
SUP27,"Kuhn, Schamberger and Larkin",dflintiffq@nba.com,+506 104 712 6120
SUP28,"Kunze, Keeling and Conn",jmelarkeyr@purevolume.com,+56 787 949 6404
SUP29,"Grimes, Gutmann and Stracke",dolennachains@washingtonpost.com,+254 217 214 0849
SUP30,Gusikowski-Denesik,bphint@webeden.co.uk,+62 116 452 3775
SUP31,Sanford and Sons,njageru@reverbnation.com,+86 819 200 6697
SUP32,Walsh-Kuphal,cbartoszinskiv@soundcloud.com,+55 414 685 4833
SUP33,Barrows-Kovacek,edranew@cisco.com,+506 870 619 8750
SUP34,"Huels, Farrell and Harber",apailx@spotify.com,+33 675 469 4866
SUP35,Turner Inc,ccortesy@quantcast.com,+374 728 612 9968
SUP36,Harvey-VonRueden,sburstowz@samsung.com,+56 694 310 0562
SUP37,Miller-Waelchi,cgarrity10@tumblr.com,+57 592 187 6661
SUP38,Huels and Sons,aaries11@cmu.edu,+964 302 120 5550
SUP39,"Feil, Mitchell and Koepp",zgawthrope12@economist.com,+86 168 808 9596
SUP40,"Walker, Schaefer and Mraz",cczajkowski13@xing.com,+54 123 628 3965
SUP41,"Lockman, Hodkiewicz and Graham",mstonnell14@intel.com,+62 814 715 4027
SUP42,Luettgen Group,cbarcroft15@jigsy.com,+1 410 655 3218
SUP43,Predovic-Roob,mpyatt16@vk.com,+86 148 995 3412
SUP44,Lebsack Group,nkohrsen17@scientificamerican.com,+56 286 215 3329
SUP45,Wuckert-Wisoky,wtilley18@google.it,+98 384 286 1091
SUP46,"Welch, Reichel and Purdy",cjados19@reverbnation.com,+7 462 340 4269
SUP47,Schneider LLC,aledford1a@mashable.com,+381 825 579 6331
SUP48,Stoltenberg-Moen,bdevonish1b@jimdo.com,+976 739 887 0601
SUP49,"Bednar, Reichel and Pouros",mgrindle1c@auda.org.au,+86 343 955 3434
SUP50,"Welch, Wyman and Considine",gtipler1d@t.co,+86 294 459 6605
